[
    { "name": "Chicken Stir-Fry", "ingredients": ["Chicken", "carrots", "broccoli", "soy sauce"], "instructions": ["Cut chicken into small pieces", "Stir-fry chicken in a pan", "Add vegetables and soy sauce", "Cook until vegetables are tender"], "calories": 350 },
    { "name": "Pasta Carbonara", "ingredients": ["Pasta", "bacon", "eggs", "parmesan cheese"], "instructions": ["Cook pasta according to package instructions", "Cook bacon in a pan", "Whisk eggs and parmesan cheese in a bowl", "Drain pasta and add to the pan with bacon", "Add egg mixture to the pan and stir until pasta is coated"], "calories": 450 },
    { "name": "Vegetable Stir-Fry", "ingredients": ["Bell peppers", "zucchini", "mushrooms", "onions", "soy sauce"], "instructions": ["Slice bell peppers, zucchini, mushrooms, and onions", "Stir-fry vegetables in a pan with soy sauce", "Cook until vegetables are tender"], "calories": 300 },
    { "name": "Grilled Salmon", "ingredients": ["Salmon fillet", "lemon", "olive oil", "garlic", "dill"], "instructions": ["Marinate salmon fillet with lemon, olive oil, garlic, and dill", "Grill salmon until cooked through"], "calories": 400 },
    { "name": "Salmon-Stuffed Avocados", "ingredients": ["Nonfat plain Greek yogurt", "diced celery", "chopped fresh parsley", "lime juice", "mayonnaise", "Dijon mustard", "salt", "ground pepper", "salmon, drained, flaked, skin and bones removed", "avocado", "Chopped chives for garnish"], "instructions": ["Combine yogurt, celery, parsley, lime juice, mayonnaise, mustard, salt, and pepper in a medium bowl; mix well. Add salmon and mix well.", "Halve avocados lengthwise and remove pits. Scoop about 1 tablespoon flesh from each avocado half into a small bowl. Mash the scooped-out avocado flesh with a fork and stir into the salmon mixture.", "Fill each avocado half with about 1/4 cup of the salmon mixture, mounding it on top of the avocado halves. Garnish with chives, if desired."], "calories": 293 }
]
