[
    { "name": "Chicken Stir-Fry", "ingredients": ["Chicken", "carrots", "broccoli", "soy sauce"], "instructions": [" Cut chicken into small pieces", " Stir-fry chicken in a pan", " Add vegetables and soy sauce", " Cook until vegetables are tender"], "calories": 350 },
    { "name": "Pasta Carbonara", "ingredients": ["Pasta", "bacon", "eggs", "parmesan cheese"], "instructions": [" Cook pasta according to package instructions", " Cook bacon in a pan", " Whisk eggs and parmesan cheese in a bowl", " Drain pasta and add to the pan with bacon", " Add egg mixture to the pan and stir until pasta is coated"], "calories": 450 },
    { "name": "Peanut Butter and Jelly Sandwich", "ingredients": ["Peanut butter", "strawberry jam", "bread"], "instructions": ["Spread peanut butter and Strawberry Jam jelly between whole grain bread slices for a classic and filling meal"], "calories": 350 },
    { "name": "Chicken and Vegetable Skewers", "ingredients": ["Chicken Breast",  "Cucumber", "Potatoes"], "instructions": ["Thread chicken breast pieces and assorted vegetables like 3 cucumber and 3 potatoes onto skewers", "Then grill or bake until cooked through"], "calories": 250 },
    { "name": "Mango Coconut Smoothie", "ingredients": ["Mango", "Coconut milk"], "instructions": ["Blend mango, coconut milk, and then top with coconut flakes, and sliced fruit", "Put it on a Glass and be refreshed"], "calories": 300 },
    { "name": "Chicken and Rice Soup", "ingredients": ["Chicken", "Rice", "Cheese", "Mixed Vegetables"], "instructions": ["Combine cooked chicken breast, rice, mixed vegetables, and cheese in a soup dish and bake until bubbly"], "calories": 350 },
    { "name": "Ham and Cheese with Toasted Bread Sandwich", "ingredients": ["Cheese", "Ham", "Bread"], "instructions": ["Toast 2 pieces of bread then put the ham and cheese in between the breads", "Serve while hot"], "calories": 400 },
    { "name": "Simple Scrambled Eggs with Spinach and Cheese", "ingredients": ["Eggs", "Spinach", "Cheese"], "instructions": ["Pour in the 3 whisked eggs and cook, stirring occasionally, until almost set", "Sprinkle cheese over the eggs and continue cooking until the cheese melts", "Serve hot"], "calories": 200 },
    { "name": "Tuna Salad Sandwich on Whole Wheat Bread", "ingredients": ["Canned Tuna", "Mayonnaise", "Celery", "Onions", "Salt", "Pepper", "Bread"], "instructions": ["Drain 1 canned tuna and transfer to a bowl", "Mix in mayonnaise, chopped celery, diced onions, salt, and pepper", "Toast whole wheat bread slices", "Spread tuna salad over one slice of bread and top with another slice"], "calories": 400 },
    { "name": "Fried Tilapia with Roasted Vegetables", "ingredients": ["Tilapia", "Bell Peppers", "Zucchini", "Carrots"], "instructions": ["Add 1 tilapia fillets to the skillet and cook until golden brown on both sides", "Meanwhile, toss vegetables (such as bell peppers, zucchini, and carrots) with oil, salt, and pepper", "Spread vegetables in a pan and roast it until it's tender"], "calories": 400 },
    { "name": "Veggie and Tofu Stir Fry with Rice", "ingredients": ["Tofu", "Bell Peppers", "Broccoli", "Carrots"], "instructions": ["Add 3 tofu cubes and stir fry until golden brown", "Remove tofu from the skillet and set aside", "In the same skillet, stir fry vegetables (such as bell peppers, broccoli, and carrots) until tender crisp", "Add cooked tofu back to the skillet and toss everything together", "Serve with rice"], "calories": 300 },
    { "name": "Chicken and vegetable curry", "ingredients": ["Chicken Breast", "Onions", "Garlic", "Ginger", "Coconut Milk", "Potatoes", "Carrots", "Peas"], "instructions": ["Sauté diced chicken breast in oil until browned", "Add chopped onions, garlic, and ginger to the skillet and cook until fragrant", "Stir in curry paste or powder and cook for a minute", "Pour in 1 cup of  coconut milk and simmer until chicken is cooked through", "Add chopped vegetables (such as potatoes, carrots, and peas) and simmer until tender", "Serve hot with rice"], "calories": 300 },
    { "name": "Pork and Vegetable Stir Fry with Noodles", "ingredients": ["Pork", "Bell Peppers", "Snap Peas", "Mushrooms", "Noodles"], "instructions": ["Stir fry marinated ½ of pork chopped until cooked through", "Add sliced vegetables (such as bell peppers, snap peas, and mushrooms) and stir fry until tender crisp", "Toss in cooked noodles and stir fry sauce (made with soy sauce, oyster sauce, and sesame oil)", "Serve hot"], "calories": 400 },
    { "name": "Veggie and Cheese Omelette", "ingredients": ["Bell Peppers", "Tomatoes", "Cheese", "Eggs"], "instructions": ["Pour the 2 whisked eggs into the skillet and let cook for a minute", "Sprinkle chopped vegetables (such as bell peppers, tomatoes) and grated cheese over one half of the omelette", "Fold the other half over the filling and cook until the cheese melts", "Slide the omelette onto a plate and serve"], "calories": 350 },
    { "name": "Vegetable and Chicken Stir Fry", "ingredients": ["Chicken", "Bell Peppers", "Carrots"], "instructions": ["Add chopped chicken and stir fry until golden brown", "Remove chicken from the skillet and set aside", "In the same skillet, stir fry vegetables (such as bell peppers and carrots) until tender crisp", "Add cooked tofu back to the skillet and toss everything together", "Season with stir fry sauce and serve hot"], "calories": 300 },
    { "name": "Pork Veggie Sandwich", "ingredients": ["Pork", "Bell Peppers", "Snap Peas", "Carrots", "Breads"], "instructions": ["Sauté chopped pork in oil until browned", "Add sliced vegetables (such as bell peppers, snap peas, and carrots) to the skillet and stir fry until tender crisp", "Spread everything including the pork in the bread", "Serve while hot"], "calories": 450 },
    { "name": "Chicken Drumsticks in Breadcrumbs Served with Roasted Vegetables", "ingredients": ["Chicken Drumsticks", "Potatoes", "Carrots", "Onions", "Salt", "Pepper"], "instructions": ["Coat 3 pieces of chicken drumsticks with breadcrumbs seasoned with salt, pepper, and any desired spices", "Arrange potatoes, carrots, and onions around the chicken", "Drizzle vegetables with olive oil and season with salt and pepper", "Cook it in the walk pan altogether and serve it while hot"], "calories": 500 },
    { "name": "Banana and Peanut Butter Toast", "ingredients": ["Bread", "Banana", "Peanut Butter"], "instructions": ["Toast slices of bread until golden brown", "Spread peanut butter over the toasted bread slices", "Slice the 2 bananas and arrange them on top of the peanut butter"], "calories": 250 },
    { "name": "Stuffed Chicken Thighs", "ingredients": ["Chicken", "Seasoned Flour", "Oil"], "instructions": ["Flatten 2 chicken thighs and spoon the stuffing onto each thigh", "Roll up the thighs in to the 1 cup of seasoned flour and secure with toothpicks", "Sear the chicken thighs until golden brown on all sides", "Transfer the skillet to the preheated oven and bake for about 25 30 minutes or until the chicken is cooked through", "Remove the toothpicks before serving"], "calories": 300 },
    { "name": "Egg Fried Rice", "ingredients": ["Egg", "Rice", "Soy Sauce", "Green Onions"], "instructions": ["Stir fry cooked rice with 2 scrambled eggs, chopped green onions, and 1 table spoon of soy sauce for a quick and filling meal", "Cook it altogether and Serve it while hot"], "calories": 400 },
    { "name": "Avocado Toast with Scrambled Eggs", "ingredients": ["Avocado", "Egg", "Bread"], "instructions": ["Toast the 2 bread slices until golden brown", "Mash 1 ripe avocado and spread them evenly onto the toasted bread", "Cook 2 scrambled eggs to your preferred consistency and place them on top of the avocado", "Serve it by cutting the sandwich in the middle"], "calories": 350 },
    { "name": "Butter Toasted Bread Sticks with Cheese Dipping Sauce", "ingredients": ["Butter", "Bread", "Cheese", "Cream"], "instructions": ["Slice bread into sticks and lightly toast them in a skillet with butter until crispy", "For the cheese dipping sauce, melt cheese with a bit of 1 can of milk or cream until smooth and creamy", "Serve the toasted bread sticks alongside the cheese dipping sauce"], "calories": 350 },
    { "name": "Egg Salad Sandwich", "ingredients": ["Egg", "Bread", "Mayonnaise", "Celery"], "instructions": ["Chopped up the hard boiled eggs mixed with mayonnaise, mustard, and diced celery, serve it on whole grain bread to make it a sandwich"], "calories": 300 },
    { "name": "Banana Pancakes", "ingredients": ["Bananas", "Flour", "Eggs", "Milk", "Baking Powder"], "instructions": ["Mash ripe bananas and mix them with 1 cup of flour, 2 eggs, 1 cup of milk, and a pinch of baking powder until you have a smooth batter", "Cook the pancakes on a hot griddle or frying pan until golden brown on both sides", "Serve it with toppings of butter"], "calories": 100 },
    { "name": "Fried Pork with Barbecue Sauce", "ingredients": ["Pork", "Salt", "Pepper", "Potatoes", "Herbs Spices"], "instructions": ["Season the chopped pork  with salt, pepper, and any desired spices", "Fry the pork breast until golden brown and cooked through", "Peel and cube 4 sweet potatoes, toss with olive oil, salt, pepper, and any desired herbs or spices", "Roast sweet potatoes in pan until tender", "Serve fried pork breast with roasted sweet potatoes"], "calories": 300 },
    { "name": "Chicken and Cabbage Club Sandwich", "ingredients": ["Chicken", "Cabbage", "Mayonnaise"], "instructions": ["Cook chicken breasts until fully cooked and slice them thinly", "Toast bread slices and assemble the sandwich with layers of sliced chicken, shredded cabbage and top it all of mayonnaise"], "calories": 150 },
    { "name": "Sisig", "ingredients": ["Pork", "Onions", "Chilge Club Sandwich"], "instructions": ["Boil pork face until tender", "Grill or fry until crispy", "Chop finely, Saute onions and chili peppers", "Mix with chopped pork face, calamansi juice, mayonnaise, soy sauce, salt, and pepper"], "calories": 500 },
    { "name": "Fried Chicken Breast with Roasted Sweet Potatoes", "ingredients": ["Chicken", "Flour", "Potatoes", "Salt", "Pepper"], "instructions": ["Season 2 chicken thighs with salt, pepper, and any desired spices", "Roll the chicken thighs in 1 cup of  flour", "Fry the chicken thighs in the hot oil until golden brown and cooked through", "Coat the fried chicken thighs with barbecue sauce"], "calories": 300 },
    { "name": "Pork Menudo", "ingredients": ["Pork", "Potato", "Carrot", "Bell Pepper",  "Bell Pepper", "Onion", "Garlic", "Tomato sauce", "Water", "Soy sauce", "Cooking Oil", "Salt", "Pepper"], "instructions": ["Heat oil in a large pan over medium heat", "Add garlic and onion", "sauté until fragrant", "Add pork cubes and cook until browned on all sides", "Pour in tomato sauce, water and soy sauce", "Stir to combine", "Cover and let it simmer for about 30 minutes, Add potatoes and carrots", "Add bell peppers and continue cooking until all vegetables are tender", "Season with salt and pepper to taste", "Serve hot"], "calories": 450 },
    { "name": "Rellenong Bangus", "ingredients": ["Milkfish", "Onions", "Tomatoes", "Bell Peppers", "Carrots", "Green Peas", "eggs", "Breadcrumbs, Salt, Pepper, Oil"], "instructions": ["Clean and debone the milkfish, Saute onions, tomatoes, bell peppers, and carrots", "Mix with flaked fish, green peas, beaten eggs, salt, and pepper", "Stuff mixture into the fish cavity", "Coat with breadcrumbs", "Pan fry until golden brown"], "calories": 300 },
    { "name": "Tortang Talong", "ingredients": ["Eggplant", "Peppers", "Calamansi", "Mayonnaise", "Soy Sauce", "Salt", "Pepper", "Oil"], "instructions": ["Grill or roast the eggplants until soft, Peel off the skin, Flatten the eggplant and dip in beaten eggs seasoned with salt and pepper, Pan fry until cooked,"], "calories": 400 },
    { "name": "Ginataang Kalabasa at Sitaw", "ingredients": ["Squash", "String beans", "Coconut Milk", "Shrimp Paste", "Garlic", "Onions", "Salt", "Pepper", "Oil"], "instructions": ["Saute garlic and onions", "Add squash and string beans", "Pour coconut milk and simmer until vegetables are cooked", "Season with shrimp paste, salt, and pepper"], "calories": 200 },
    { "name": "Tinolang Manok", "ingredients": ["Chicken", "ginger", "garlic", "onions", "chili leaves", "fish sauce", "water", "salt", "pepper", "oil"], "instructions": ["Saute ginger, garlic, and onions, Add chicken pieces and water", "Simmer until chicken is tender", "Add chili leaves or malunggay leaves", "Season with fish sauce, salt, and pepper"], "calories": 200 },
    { "name": "Beef Mechado", "ingredients": ["Beef", "Tomatoes", "Potatoes", "Carrots", "Bell Peppers", "Onions", "Garlic", "Soy Sauce", "Vinegar"," Bay Leaves", "Salt", "Pepper", "Oil"], "instructions": ["Marinate chopped beef in soy sauce and vinegar", "Saute garlic, onions, and tomatoes", "Add beef, bay leaves, and water", "Simmer until beef is tender", "Add potatoes, carrots, and bell peppers", "Season with salt and pepper"], "calories": 300 },
    { "name": "Sweet and Sour Chicken", "ingredients": ["Chicken Breasts", "Salt", "Pepper", "Cornstarch", "Vegetable Oil", "Bell Pepper", "Onion", "Pineapple Chunks", "Ketchup", "Vinegar", "Brown Sugar", "Soy Sauce", "Garlic", "Ginger"], "instructions": ["Season the chicken pieces with salt and pepper, then coat them evenly with cornstarch", "Heat the vegetable oil in a large skillet or wok over medium-high heat", "Add the chicken pieces and cook until golden brown and cooked through", "Remove the chicken from the skillet and set aside", "Add the diced bell pepper and onion", "Cook until they begin to soften", "Add the pineapple chunks to the skillet and cook", "In a bowl, whisk together the ketchup, rice vinegar, brown sugar, soy sauce, minced garlic, and minced ginger", "Pour the sauce mixture into the skillet with the vegetables and pineapple", "Bring to a simmer", "Add the cooked chicken back to the skillet and toss to coat it evenly with the sauce", "Serve it while hot"], "calories": 250 },
    { "name": "Bicol Express", "ingredients": ["Pork belly", "Shrimp paste", "Coconut milk", "Garlic", "Onion", "peppers"], "instructions": ["In a pan, sauté garlic and onion until fragrant", "Add pork belly and cook until lightly browned", "Stir in shrimp paste and cook for a few minutes", "Pour coconut milk and bring to a simmer", "Add green chili peppers (and red chili peppers if using) and cook until pork is tender and sauce thickens, Serve hot"], "calories": 400 },
    { "name": "Chicken Adobo", "ingredients": ["Chicken pieces", "Soy sauce", "Vinegar", "Garlic", "peppercorns", "Bay leaves"], "instructions": ["In a pot, combine chicken, soy sauce, vinegar, garlic, whole black peppercorns, and bay leaves", "Bring to a boil then lower the heat and simmer until chicken is tender and sauce thickens", "Serve hot with steamed rice"], "calories": 250 },
    { "name": "Beef Caldereta", "ingredients": ["Beef stew meat", "Tomato sauce", "Liver spread", "Potatoes", "Carrots", "Bell peppers", "Cheese"], "instructions": ["In a pot, brown beef cubes in oil", "Add tomato sauce, liver spread, and enough water to cover the beef", "Simmer until beef is tender", "Add potatoes, carrots and bell peppers", "Simmer until vegetables are cooked and sauce thickens", "Serve hot with grated cheese on top, if desired"], "calories": 300 },
    { "name": "Pork Sinigang", "ingredients": ["Pork ribs or belly", "Fresh tamarind", "Water", "Radish", "Eggplant", "String beans", "kangkong leaves"], "instructions": ["In a pot, bring water to a boil and add pork ribs or belly", "Once pork is tender, add tamarind soup base or fresh tamarind", "Add radish, eggplant, and string beans", "Simmer until vegetables are cooked", "Add spinach or kangkong leaves and cook for another minute", "Serve hot"], "calories": 250 },
    { "name": "Pancit Canton", "ingredients": ["Canton noodles", "Pork belly", "Shrimp", "Cabbage", "Carrots", "Soy sauce", "Oyster sauce", "Garlic", "Onion"], "instructions": ["In a pan, sauté garlic and onion until fragrant", "Add pork belly and cook until lightly browned", "Stir in shrimp and cook until pink", "Add cabbage, and carrots", "Cook until vegetables are tender-crisp", "Add pre-soaked Canton noodles, soy sauce, and oyster sauce", "Toss until well combined and noodles are heated through", "Serve hot"], "calories": 300 },
    { "name": "Inihaw na Liempo", "ingredients": ["Pork belly", "Soy sauce", "Vinegar", "Calamansi juice", "Garlic", "Black pepper", "Brown Sugar", "Salt", "Wooden Skewers"], "instructions": ["In a bowl, mix together soy sauce, vinegar, calamansi juice, minced garlic, black pepper, and brown sugar to create the marinade", "Place the pork belly strips in a shallow dish or resealable plastic bag, and pour the marinade over them", "Preheat your grill to medium-high heat", "Thread the marinated pork belly strips onto bamboo skewers", "Place the skewers on the grill and cook for about 5-7 minutes on each side", "While grilling, baste the pork belly with the remaining marinade to keep it moist and flavorful", "Once cooked, remove the skewers from the grill and let them rest for a few minutes before serving", "Serve hot"], "calories": 450 },
    { "name": "Lumpiang Shanghai", "ingredients": ["Ground pork", "Carrots", "Spring Onions", "Garlic", "Salt", "pepper", "Lumpia wrappers", "Cooking oil"], "instructions": ["In a bowl, mix together ground pork, carrots, spring onions, garlic, onion, salt, and pepper", "Place a spoonful of the mixture onto a lumpia wrapper and roll tightly, sealing the edges with water", "Heat oil in a pan and fry the lumpia until golden brown and crispy", "Serve with a dipping sauce of your choice"], "calories": 150 },
    { "name": "Adobong Kangkong", "ingredients": ["Kangkong", "Pork belly", "Soy sauce", "Vinegar", "Garlic", "Onion", "Bay leaves", "Pepper"], "instructions": ["In a pan, sauté garlic and onion until fragrant", "Add pork belly or chicken and cook until lightly browned", "Pour soy sauce, vinegar, and add bay leaves", "Simmer until meat is tender", "Add kangkong and cook until wilted", "Season with pepper to taste", "Serve hot"], "calories": 150 },
    { "name": "Sotanghon Guisado", "ingredients": ["Sotanghon noodles", "Chicken breast", "Shrimp", "Garlic", "Onion", "Carrots", "Cabbage", "Soy sauce", "Fish sauce", "Chicken broth", "Pepper"], "instructions": ["Soak sotanghon noodles in water until softened, then drain", "In a pan, sauté garlic and onion until fragrant", "Add chicken and shrimp, cook until lightly browned", "Add carrots and cabbage, cook until vegetables are tender", "Pour soy sauce, fish sauce, and chicken broth", "Bring to a simmer, Add sotanghon noodles and cook until heated through", "Season with pepper to taste", "Serve hot"], "calories": 250 },
    { "name": "Pininyahang Manok", "ingredients": ["Chicken pieces", "Pineapple chunks", "Coconut milk", "Garlic", "Onion", "Bell pepper", "Fish sauce", "Salt", "Pepper"], "instructions": ["In a pan, sauté garlic and onion until fragrant", "Add chicken pieces and cook until lightly browned", "Pour coconut milk and add pineapple chunks", "Simmer until chicken is cooked through and sauce thickens", "Add bell pepper and season with fish sauce, salt, and pepper", "Serve hot"], "calories": 250 },
    { "name": "Inihaw na Pusit", "ingredients": ["Squid (pusit)", "Soy sauce", "Vinegar", "Garlic", "Onion", "Calamansi juice", "Salt", "pepper"], "instructions": ["In a bowl, mix together soy sauce, vinegar, garlic, onion, calamansi juice, salt, and pepper", "Marinate squid in the mixture for at least 30 minutes", "Grill squid over hot charcoal or on a grill pan until cooked and slightly charred", "Baste with marinade while grilling", "Serve hot"], "calories": 200 },
    { "name": "Chopsuey", "ingredients": ["Assorted vegetables (carrots, cabbage, bell peppers, snow peas, etc,)", "Chicken breast", "Garlic", "Onion", "Soy sauce", "Oyster sauce", "Chicken broth", "Cornstarch slurry,(cornstarch mixed with water)", "Salt", "pepper"], "instructions": ["In a pan, sauté garlic and onion until fragrant", "Add chicken breast or shrimp (if using) and cook until lightly browned", "Add assorted vegetables and stir-fry until tender-crisp", "Pour soy sauce, oyster sauce, and chicken broth", "Simmer for a few minutes", "Thicken with cornstarch slurry, stirring constantly until desired consistency is reached","Season with salt and pepper to taste", "Serve hot"], "calories": 200 },
    { "name": "Lechon Paksiw", "ingredients": ["Leftover lechon", "Vinegar", "Soy sauce", "Brown sugar", "Garlic", "Onion", "Bay leaves", "Pepper", "Salt"], "instructions": ["In a pot, combine vinegar, soy sauce, brown sugar, garlic, onion, bay leaves, pepper, and salt", "Add chopped lechon pieces to the pot", "Simmer until the meat is tender and the sauce is thickened"], "calories": 300 },
    { "name": "Ginisang Labanos", "ingredients": ["Garlic", "Onion", "Tomatoes", "Fish sauce", "Salt", "Pepper"], "instructions": ["In a pan, sauté garlic, onion, and tomatoes until softened", "Add pork belly and cook until lightly browned", "Add sliced radish and stir-fry until tender", "Season with fish sauce, salt, and pepper", "Serve hot"], "calories": 70 },
    { "name": "Pinais", "ingredients": ["Fish", "Lemongrass",  "Ginger", "Tomatoes", "Salt", "Banana leaves"], "instructions": ["Season the fish with salt", "Stuff the fish (Tulingan) cavity with lemongrass, ginger, and tomatoes", "Wrap the fish in banana leaves securely", "Steam the wrapped fish until cooked"], "calories": 150 },
    { "name": "Pochero", "ingredients": ["Beef ribs", "Tomato sauce Potatoes", "Carrots", "Cabbage", "Saba bananas", "Garbanzos (chickpeas)", "Onion", "Garlic", "Salt", "Pepper"], "instructions": ["Sauté garlic and onions in a pot", "Add the beef and brown on all sides", "Pour in tomato sauce and enough water to cover the beef", "Simmer until beef is tender, Add potatoes, carrots, cabbage and saba bananas", "Cook until vegetables are tender", "Season with salt and pepper to taste"], "calories": 200 },
    { "name": "Tortang Talong (Eggplant Omelette)", "ingredients": ["Eggplant", "Eggs", "Cooking oil", "Salt", "Pepper"], "instructions": ["Roast or grill the eggplant until the skin is charred and the flesh is soft", "Peel off the skin and flatten the eggplant using a fork", "In a bowl, beat the eggs and season with salt and pepper", "Dip the flattened eggplant in the beaten eggs", "Heat oil in a pan and fry the eggplant until the egg is cooked and golden brown on both sides", "Drain excess oil on paper towels before serving"], "calories": 150 }
]